Player,Team,Gms,Rec,Yds,Avg,YPG,Lg,TD,FD,Tar,YAC
Stefon Diggs,BUF,16,127,1535,12.09,95.9,55,8,73,166,464
Davante Adams,GB,14,115,1374,11.95,98.1,56t,18,73,149,597
DeAndre Hopkins,ARI,16,115,1407,12.23,87.9,60,6,75,160,528
Darren Waller,LV,16,107,1196,11.18,74.8,38t,9,69,145,572
Travis Kelce,KC,15,105,1416,13.49,94.4,45,11,79,145,583
Allen Robinson,CHI,16,102,1250,12.25,78.1,42,6,68,151,319
Keenan Allen,LAC,14,100,992,9.92,70.9,28,8,61,147,423
Tyler Lockett,SEA,16,100,1054,10.54,65.9,47t,10,57,132,327
JuJu Smith-Schuster,PIT,16,97,831,8.57,51.9,31t,9,48,128,409
Robby Anderson,CAR,16,95,1096,11.54,68.5,75t,3,49,136,497
Amari Cooper,DAL,16,92,1114,12.11,69.6,69,5,54,130,421
Cooper Kupp,LA,15,92,974,10.59,64.9,55t,3,45,124,510
Calvin Ridley,ATL,15,90,1374,15.27,91.6,63,9,65,143,275
Robert Woods,LA,16,90,936,10.4,58.5,56t,6,46,129,498
Justin Jefferson,MIN,16,88,1400,15.91,87.5,71t,7,58,125,457
Diontae Johnson,PIT,15,88,923,10.49,61.5,47,7,45,144,382
Tyreek Hill,KC,15,87,1276,14.67,85.1,75t,15,57,135,460
Terry McLaurin,WAS,15,87,1118,12.85,74.5,68t,4,51,134,468
Alvin Kamara,NO,15,83,756,9.11,50.4,52t,5,35,107,731
D.K. Metcalf,SEA,16,83,1303,15.7,81.4,62,10,63,129,363
Cole Beasley,BUF,15,82,967,11.79,64.5,35,4,53,107,352
Brandin Cooks,HOU,15,81,1150,14.2,76.7,57t,6,51,119,350
J.D. McKissic,WAS,16,80,589,7.36,36.8,29t,2,32,110,507
Tyler Boyd,CIN,15,79,841,10.65,56.1,72t,4,43,110,351
Curtis Samuel,CAR,15,77,851,11.05,56.7,44,3,39,97,315
Marvin Jones,DET,16,76,978,12.87,61.1,43t,9,52,115,196
CeeDee Lamb,DAL,16,74,935,12.64,58.4,52t,5,46,111,311
Adam Thielen,MIN,15,74,925,12.5,61.7,51,14,52,108,243
Russell Gage,ATL,16,72,786,10.92,49.1,35,4,50,109,286
Jarvis Landry,CLE,15,72,840,11.67,56,32,3,46,101,341
Logan Thomas,WAS,16,72,670,9.31,41.9,30,6,36,110,288
A.J. Brown,TEN,14,70,1075,15.36,76.8,73t,11,55,106,427
Mike Evans,TB,16,70,1006,14.37,62.9,50,13,55,109,258
Tee Higgins,CIN,16,67,908,13.55,56.8,67,6,52,108,306
T.J. Hockenson,DET,16,67,723,10.79,45.2,51,6,40,101,329
D.J. Moore,CAR,15,66,1193,18.08,79.5,74t,4,53,118,350
Sterling Shepard,NYG,12,66,656,9.94,54.7,29,3,37,90,204
Corey Davis,TEN,14,65,984,15.14,70.3,75t,5,49,92,291
Chris Godwin,TB,12,65,840,12.92,70,47,7,43,84,284
Evan Engram,NYG,16,63,654,10.38,40.9,53,1,32,109,287
Nyheim Hines,IND,16,63,482,7.65,30.1,29t,4,24,76,470
DeVante Parker,MIA,14,63,793,12.59,56.6,31,4,45,103,179
Dalton Schultz,DAL,16,63,615,9.76,38.4,28,4,33,89,279
Chase Claypool,PIT,16,62,873,14.08,54.6,84t,9,40,109,329
Noah Fant,DEN,15,62,673,10.85,44.9,37,3,34,93,381
Darnell Mooney,CHI,16,61,631,10.34,39.4,53,4,33,98,249
Emmanuel Sanders,NO,14,61,726,11.9,51.9,51,5,33,82,170
Brandon Aiyuk,SF,12,60,748,12.47,62.3,49,5,43,96,311
Hunter Henry,LAC,14,60,613,10.22,43.8,33,4,35,93,244
Jamison Crowder,NYJ,12,59,699,11.85,58.2,69t,6,32,89,316
Mike Davis,CAR,15,59,373,6.32,24.9,23,2,17,70,418
Michael Gallup,DAL,16,59,843,14.29,52.7,55,5,44,105,246
Jakobi Meyers,NE,14,59,729,12.36,52.1,35,0,37,81,216
Mark Andrews,BAL,14,58,701,12.09,50.1,39,7,37,88,182
Marquise Brown,BAL,16,58,769,13.26,48.1,70t,8,35,100,274
Laviska Shenault,JAX,14,58,600,10.34,42.9,36,5,33,79,298
Eric Ebron,PIT,15,56,558,9.96,37.2,27,5,30,91,192
T.Y. Hilton,IND,15,56,762,13.61,50.8,50,5,42,93,194
Hayden Hurst,ATL,16,56,571,10.2,35.7,42t,6,35,88,269
Hunter Renfrow,LV,16,56,656,11.71,41,53,2,32,77,338
Keelan Cole,JAX,16,55,642,11.67,40.1,51,5,34,88,175
Austin Ekeler,LAC,10,54,403,7.46,40.3,28,2,20,65,473
Larry Fitzgerald,ARI,13,54,409,7.57,31.5,18,1,25,72,185
David Montgomery,CHI,15,54,438,8.11,29.2,28t,2,25,68,396
D.J. Chark,JAX,13,53,706,13.32,54.3,73t,5,37,93,165
Chase Edmonds,ARI,16,53,402,7.58,25.1,30,4,21,67,330
Will Fuller,HOU,11,53,879,16.58,79.9,77t,8,38,75,291
Mike Gesicki,MIA,15,53,703,13.26,46.9,70,6,36,85,164
Greg Ward,PHI,16,53,419,7.91,26.2,32t,6,24,79,164
Ezekiel Elliott,DAL,15,52,338,6.5,22.5,19t,2,20,71,370
Jerry Jeudy,DEN,16,52,856,16.46,53.5,92t,3,39,113,284
Josh Reynolds,LA,16,52,618,11.88,38.6,40t,2,31,81,225
Robert Tonyan,GB,16,52,586,11.27,36.6,45,11,33,59,234
Julio Jones,ATL,9,51,771,15.12,85.7,44,3,36,68,231
Tim Patrick,DEN,15,51,742,14.55,49.5,61,6,33,79,238
Jimmy Graham,CHI,16,50,456,9.12,28.5,30,8,32,76,198
Darius Slayton,NYG,16,50,751,15.02,46.9,41t,3,40,96,154
Kendrick Bourne,SF,15,49,667,13.61,44.5,49t,2,35,74,219
Anthony Miller,CHI,16,49,485,9.9,30.3,34,2,23,76,148
James Robinson,JAX,14,49,344,7.02,24.6,28,3,15,60,387
James White,NE,14,49,375,7.65,26.8,34,1,20,62,411
Nelson Agholor,LV,16,48,896,18.67,56,85t,8,37,82,230
Christian Kirk,ARI,14,48,621,12.94,44.4,80t,6,30,79,175
George Kittle,SF,8,48,634,13.21,79.2,44t,2,32,63,294
Mike Williams,LAC,15,48,756,15.75,50.4,64t,5,35,85,162
Giovani Bernard,CIN,16,47,355,7.55,22.2,42,3,15,59,350
Damiere Byrd,NE,16,47,604,12.85,37.8,42t,1,29,77,172
A.J. Green,CIN,16,47,523,11.13,32.7,33,2,34,104,92
Aaron Jones,GB,14,47,355,7.55,25.4,30,2,15,63,365
Danny Amendola,DET,14,46,602,13.09,43,50,0,30,69,290
Dallas Goedert,PHI,11,46,524,11.39,47.6,41,3,28,65,206
Austin Hooper,CLE,13,46,435,9.46,33.5,36,4,27,70,174
D'Andre Swift,DET,13,46,357,7.76,27.5,26,2,15,57,351
Antonio Brown,TB,8,45,483,10.73,60.4,46t,4,27,62,251
Rob Gronkowski,TB,16,45,623,13.84,38.9,48,7,29,77,246
Demarcus Robinson,KC,16,45,466,10.36,29.1,28,3,26,59,173
Dalvin Cook,MIN,14,44,361,8.2,25.8,50t,1,17,54,443
Tyler Higbee,LA,15,44,521,11.84,34.7,44,5,27,60,238
Zach Pascal,IND,16,44,629,14.3,39.3,42t,5,29,71,233
Gerald Everett,LA,16,41,417,10.17,26.1,40,1,24,62,243
Myles Gaskin,MIA,10,41,388,9.46,38.8,59t,2,12,47,388
Mecole Hardman,KC,16,41,560,13.66,35,49t,4,23,62,285
Jonnu Smith,TEN,15,41,448,10.93,29.9,63,8,25,65,238
Chris Conley,JAX,15,40,471,11.78,31.4,51,2,24,63,180
Michael Pittman,IND,13,40,503,12.58,38.7,45t,1,22,61,293
Drew Sample,CIN,16,40,349,8.73,21.8,23,1,16,53,193
Michael Thomas,NO,7,40,438,10.95,62.6,24,0,25,55,82
Anthony Firkser,TEN,16,39,387,9.92,24.2,45,1,26,53,147
Randall Cobb,HOU,10,38,441,11.61,44.1,34,3,20,48,165
Travis Fulgham,PHI,13,38,539,14.18,41.5,42t,4,26,67,100
Kareem Hunt,CLE,16,38,304,8,19,26,5,19,51,280
Devin Singletary,BUF,16,38,269,7.08,16.8,34,0,8,50,259
Jordan Akins,HOU,13,37,403,10.89,31,26,1,20,49,172
Braxton Berrios,NYJ,16,37,394,10.65,24.6,43t,3,19,55,216
Chris Carson,SEA,12,37,287,7.76,23.9,29,4,14,46,247
Jared Cook,NO,15,37,504,13.62,33.6,46,7,27,60,121
Rashard Higgins,CLE,13,37,599,16.19,46.1,43,4,26,52,82
Sammy Watkins,KC,10,37,421,11.38,42.1,37,2,27,55,157
Clyde Edwards-Helaire,KC,13,36,297,8.25,22.9,26,1,12,54,296
Tyler Eifert,JAX,15,36,349,9.69,23.3,28,2,22,60,119
Zach Ertz,PHI,11,36,335,9.31,30.4,42,1,16,72,88
Leonard Fournette,TB,13,36,233,6.47,17.9,20,0,9,47,235
Antonio Gibson,WAS,14,36,247,6.86,17.6,40,0,9,44,298
Jakeem Grant,MIA,14,36,373,10.36,26.6,30,1,22,54,167
Jonathan Taylor,IND,15,36,299,8.31,19.9,39t,1,12,39,367
James Conner,PIT,13,35,215,6.14,16.5,18,0,10,43,230
Gabriel Davis,BUF,16,35,599,17.11,37.4,56t,7,27,62,131
David Moore,SEA,16,35,417,11.91,26.1,57,6,18,47,169
Golden Tate,NYG,12,35,388,11.09,32.3,39t,2,19,52,82
Tre'Quan Smith,NO,14,34,448,13.18,32,31,4,22,50,139
John Brown,BUF,9,33,458,13.88,50.9,46t,3,22,52,177
Keke Coutee,HOU,8,33,400,12.12,50,64,3,18,40,148
N'Keal Harry,NE,14,33,309,9.36,22.1,30,2,15,57,105
Josh Jacobs,LV,15,33,238,7.21,15.9,29,0,9,45,238
David Johnson,HOU,12,33,314,9.52,26.2,32,2,16,46,235
Allen Lazard,GB,10,33,451,13.67,45.1,72,3,23,46,195
Jerick McKinnon,SF,16,33,253,7.67,15.8,26,1,12,46,178
Scott Miller,TB,16,33,501,15.18,31.3,48t,3,20,53,101
Deebo Samuel,SF,7,33,391,11.85,55.9,35,1,19,44,398
Willie Snead,BAL,13,33,432,13.09,33.2,34,3,23,48,187
Marquez Valdes-Scantling,GB,16,33,690,20.91,43.1,78t,6,27,63,254
Melvin Gordon,DEN,15,32,158,4.94,10.5,20,1,7,44,167
Cam Sims,WAS,16,32,477,14.91,29.8,50,1,18,48,249
Mo Alie-Cox,IND,15,31,394,12.71,26.3,45,2,19,39,182
Dan Arnold,ARI,16,31,438,14.13,27.4,59t,4,24,45,166
Chris Herndon IV,NYJ,16,31,287,9.26,17.9,26,3,17,45,128
Jalen Reagor,PHI,11,31,396,12.77,36,55,1,19,54,183
Jamaal Williams,GB,14,31,236,7.61,16.9,29,1,11,35,219
KJ Hamler,DEN,13,30,381,12.7,29.3,49t,3,17,56,124
Isaiah McKenzie,BUF,16,30,282,9.4,17.6,46,5,17,34,180
Breshad Perriman,NYJ,12,30,505,16.83,42.1,53,3,20,60,160
Irv Smith,MIN,13,30,365,12.17,28.1,36,5,22,43,126
James Washington,PIT,16,30,392,13.07,24.5,50t,5,19,56,151
Kalen Ballage,NYJ/LAC,11,29,166,5.72,15.1,21,0,5,37,213
Lynn Bowden,MIA,10,28,211,7.54,21.1,22,0,13,37,112
Cameron Brate,TB,16,28,282,10.07,17.6,25,2,17,34,71
Trey Burton,IND,13,28,250,8.93,19.2,20,3,14,47,77
Isaiah Ford,MIA,10,28,276,9.86,27.6,18,0,18,44,73
Jalen Guyton,LAC,16,28,511,18.25,31.9,72t,3,18,55,179
Duke Johnson,HOU,11,28,249,8.89,22.6,48,1,8,35,220
Ronald Jones II,TB,14,28,165,5.89,11.8,37t,1,2,42,157
Cole Kmet,CHI,16,28,243,8.68,15.2,38,2,12,44,136
James O'Shaughnessy,JAX,15,28,262,9.36,17.5,26,0,12,38,94
Tony Pollard,DAL,16,28,193,6.89,12.1,30,1,9,40,232
Kyle Rudolph,MIN,12,28,334,11.93,27.8,25,1,16,37,164
Miles Sanders,PHI,12,28,197,7.04,16.4,28,0,8,52,208
Steven Sims,WAS,12,27,265,9.81,22.1,30,1,13,37,126
Isaiah Wright,WAS,14,27,197,7.3,14.1,22,0,10,35,140
Jordan Reed,SF,10,26,231,8.88,23.1,26,4,16,46,84
Henry Ruggs,LV,13,26,452,17.38,34.8,72t,2,13,43,145
Durham Smythe,MIA,15,26,208,8,13.9,19,2,13,29,122
Rex Burkhead,NE,10,25,192,7.68,19.2,24t,3,11,33,207
Kenyan Drake,ARI,15,25,137,5.48,9.1,18,0,5,31,144
Todd Gurley,ATL,15,25,164,6.56,10.9,26,0,7,35,120
Brian Hill,ATL,16,25,199,7.96,12.4,26,0,7,30,162
Jacob Hollister,SEA,16,25,209,8.36,13.1,20,3,14,40,80
Boston Scott,PHI,16,25,212,8.48,13.2,18t,1,8,36,181
Harrison Bryant,CLE,15,24,238,9.92,15.9,35,3,14,38,117
Will Dissly,SEA,16,24,251,10.46,15.7,28,2,12,29,169
Dawson Knox,BUF,12,24,288,12,24,36,3,14,44,160
Greg Olsen,SEA,11,24,239,9.96,21.7,22,1,16,37,49
Richard Rodgers,PHI,14,24,345,14.38,24.6,33t,2,16,31,95
Odell Beckham Jr.,CLE,7,23,319,13.87,45.6,43t,3,17,43,46
Malcolm Brown,LA,16,23,162,7.04,10.1,30,0,9,33,178
Jack Doyle,IND,14,23,251,10.91,17.9,28,3,13,33,91
DaeSean Hamilton,DEN,16,23,293,12.74,18.3,40t,2,16,44,95
Adam Humphries,TEN,7,23,228,9.91,32.6,23,2,11,35,42
Richie James,SF,11,23,394,17.13,35.8,47,1,14,35,188
Joshua Kelley,LAC,14,23,148,6.43,10.6,35,0,9,23,173
Denzel Mims,NYJ,9,23,357,15.52,39.7,30,0,15,44,106
Latavius Murray,NO,15,23,176,7.65,11.7,25,1,8,26,198
Marquez Callaway,NO,11,21,213,10.14,19.4,27,0,10,27,58
Julian Edelman,NE,6,21,315,15,52.5,49,0,18,39,64
Darren Fells,HOU,16,21,312,14.86,19.5,44t,4,16,28,177
Wayne Gallman,NYG,15,21,114,5.43,7.6,19,0,6,27,100
Andy Isabella,ARI,13,21,224,10.67,17.2,54,2,10,35,82
Joe Mixon,CIN,6,21,138,6.57,23,19,1,5,26,167
Cordarrelle Patterson,CHI,16,21,132,6.29,8.2,25,0,7,25,114
Chad Beebe,MIN,14,20,201,10.05,14.4,40t,2,12,30,73
Quintez Cephus,DET,13,20,349,17.45,26.9,49t,2,16,35,85
Devin Duvernay,BAL,16,20,201,10.05,12.6,39,0,8,26,118
Kenny Golladay,DET,5,20,338,16.9,67.6,48,2,16,32,38
Deonte Harris,NO,9,20,186,9.3,20.7,40,1,10,25,132
Tyron Johnson,LAC,12,20,398,19.9,33.2,55,3,15,26,59
Ray Ray McCloud,PIT,16,20,77,3.85,4.8,13,0,4,22,105
Ian Thomas,CAR,16,20,145,7.25,9.1,21,1,11,31,78
Chris Thompson,JAX,8,20,146,7.3,18.2,15,1,5,23,107
Olamide Zaccheaus,ATL,11,20,274,13.7,24.9,51t,1,16,32,63
Miles Boykin,BAL,16,19,266,14,16.6,43t,4,14,33,84
Tyler Conklin,MIN,16,19,194,10.21,12.1,30,1,11,26,126
Ross Dwelley,SF,16,19,245,12.89,15.3,36,1,10,24,107
Derrick Henry,TEN,16,19,114,6,7.1,53,0,4,31,127
Justin Jackson,LAC,9,19,173,9.11,19.2,34,0,7,24,204
Van Jefferson,LA,16,19,220,11.58,13.8,31,1,11,31,46
Kerryon Johnson,DET,16,19,187,9.84,11.7,20,1,11,26,183
Kyle Juszczyk,SF,16,19,202,10.63,12.6,41,4,10,29,101
Dion Lewis,NYG,16,19,127,6.68,7.9,17,1,8,30,80
David Njoku,CLE,13,19,213,11.21,16.4,28,2,13,29,82
Jalen Richard,LV,13,19,138,7.26,10.6,19,0,5,23,97
J.K. Dobbins,BAL,15,18,120,6.67,8,19,0,4,24,129
Marvin Hall,DET/CLE,12,18,302,16.78,25.2,73,2,10,32,58
Dontrelle Inman,WAS,10,18,163,9.06,16.3,17t,2,11,28,44
Collin Johnson,JAX,14,18,272,15.11,19.4,46t,2,12,31,84
Kaden Smith,NYG,15,18,112,6.22,7.5,16,0,8,21,89
Darrel Williams,KC,16,18,116,6.44,7.2,15,0,6,26,151
Preston Williams,MIA,8,18,288,16,36,47,4,14,35,42
Devontae Booker,LV,16,17,84,4.94,5.2,17,0,2,21,81
DeeJay Dallas,SEA,12,17,111,6.53,9.2,13,1,5,20,110
Chad Hansen,HOU,5,17,236,13.88,47.2,38t,1,12,24,36
Christian McCaffrey,CAR,3,17,149,8.76,49.7,24,1,8,19,123
Mohamed Sanu,SF/DET,10,17,187,11,18.7,21,1,13,24,37
Ito Smith,ATL,14,17,75,4.41,5.4,17,0,3,26,81
Jeff Smith,NYJ,12,17,167,9.82,13.9,21,0,9,37,49
Cedrick Wilson,DAL,16,17,189,11.12,11.8,42t,2,10,28,113
Le'Veon Bell,NYJ/KC,11,16,138,8.63,12.6,30,0,7,20,136
Nick Chubb,CLE,12,16,150,9.38,12.5,26,0,6,18,133
Frank Gore,NYJ,15,16,89,5.56,5.9,9,0,3,19,73
Darrell Henderson,LA,15,16,159,9.94,10.6,28,1,8,24,160
Mack Hollins,MIA,16,16,176,11,11,34,1,7,25,29
Carlos Hyde,SEA,10,16,93,5.81,9.3,18,0,4,20,108
Ty Johnson,DET/NYJ,13,16,99,6.19,7.6,18t,1,6,21,132
Raheem Mostert,SF,8,16,156,9.75,19.5,76t,1,5,19,136
KeeSean Johnson,ARI,8,15,173,11.53,21.6,45,0,7,23,50
LeSean McCoy,TB,10,15,101,6.73,10.1,15,0,3,19,97
Vance McDonald,PIT,14,15,99,6.6,7.1,15,0,4,20,79
Adam Trautman,NO,15,15,171,11.4,11.4,41,1,9,16,117
Nick Boyle,BAL,9,14,113,8.07,12.6,21,2,8,17,41
Noah Brown,DAL,16,14,154,11,9.6,20,0,6,24,47
Pharaoh Brown,HOU,13,14,163,11.64,12.5,29,2,9,16,76
Chris Hogan,NYJ,5,14,118,8.43,23.6,27,0,6,26,36
DeSean Jackson,PHI,5,14,236,16.86,47.2,81t,1,10,26,65
Jesse James,DET,16,14,129,9.21,8.1,31,2,6,22,73
Marcus Johnson,IND,11,14,255,18.21,23.2,55,0,11,28,49
Olabisi Johnson,MIN,16,14,189,13.5,11.8,29,0,9,19,57
Zay Jones,LV,16,14,154,11,9.6,37,1,6,20,65
Zack Moss,BUF,13,14,95,6.79,7.3,20,1,5,18,87
Donovan Peoples-Jones,CLE,12,14,304,21.71,25.3,75t,2,10,20,77
Auden Tate,CIN,9,14,150,10.71,16.7,19,0,9,22,58
Nick Vannett,DEN,15,14,95,6.79,6.3,19,1,6,21,64
Jamal Agnew,DET,14,13,89,6.85,6.4,20,0,4,20,101
Christian Blake,ATL,16,13,141,10.85,8.8,25,0,6,18,26
Ryan Izzo,NE,12,13,199,15.31,16.6,50,0,6,20,68
Alexander Mattison,MIN,13,13,125,9.62,9.6,28t,1,5,15,108
Byron Pringle,KC,13,13,160,12.31,12.3,37,1,9,17,68
Freddie Swain,SEA,16,13,159,12.23,9.9,23,2,6,21,101
Mike Thomas,CIN,14,13,132,10.15,9.4,29,1,7,21,28
Jeffery Wilson,SF,12,13,133,10.23,11.1,21t,3,8,28,111
Jason Witten,LV,16,13,69,5.31,4.3,15,2,8,17,20
Cameron Batson,TEN,12,12,100,8.33,8.3,18,1,7,13,43
Alex Erickson,CIN,16,12,139,11.58,8.7,42,0,5,17,63
Royce Freeman,DEN,16,12,81,6.75,5.1,28,0,4,13,63
Alec Ingold,LV,16,12,110,9.17,6.9,23,1,9,17,88
Tyler Johnson,TB,14,12,169,14.08,12.1,35,2,9,17,72
Tyler Kroft,BUF,10,12,119,9.92,11.9,38,3,9,16,44
Jeremy McNichols,TEN,16,12,55,4.58,3.4,9,0,0,17,51
Adrian Peterson,DET,16,12,101,8.42,6.3,23,0,4,18,103
Brandon Powell,ATL,15,12,69,5.75,4.6,13,2,5,18,34
Adam Shaheen,MIA,16,12,150,12.5,9.4,43,3,9,22,101
Jace Sternberger,GB,12,12,114,9.5,9.5,27,1,6,15,66
Jordan Wilkins,IND,15,12,105,8.75,7,24,0,3,16,143
Salvon Ahmed,MIA,6,11,61,5.55,10.2,13,0,2,14,71
Cam Akers,LA,13,11,123,11.18,9.5,38,1,4,14,81
Blake Bell,DAL,16,11,110,10,6.9,24,0,7,15,48
C.J. Board,NYG,14,11,101,9.18,7.2,16,0,6,16,33
Bryan Edwards,LV,12,11,193,17.55,16.1,34,1,9,15,80
Tyler Ervin,GB,8,11,84,7.64,10.5,24,0,6,15,84
Khadarel Hodge,CLE,9,11,180,16.36,20,42,0,11,17,23
O.J. Howard,TB,4,11,146,13.27,36.5,33,2,8,19,17
Albert Okwuegbunam,DEN,4,11,121,11,30.2,27,1,6,15,73
Lamical Perine,NYJ,10,11,63,5.73,6.3,14,0,3,15,67
Samaje Perine,CIN,16,11,66,6,4.1,15,0,4,12,85
Keith Smith,ATL,16,11,59,5.36,3.7,13,0,4,15,44
Kenny Stills,HOU,10,11,144,13.09,14.4,24t,1,8,19,17
De'Michael Harris,IND,7,10,79,7.9,11.3,21,0,3,10,63
John Hightower,PHI,13,10,167,16.7,12.8,59,0,5,29,50
Patrick Laird,MIA,16,10,68,6.8,4.2,17,0,3,12,40
Marcedes Lewis,GB,15,10,107,10.7,7.1,36,3,6,17,57
Dare Ogunbowale,JAX,14,10,54,5.4,3.9,12,0,4,20,63
Donald Parham,LAC,13,10,159,15.9,12.2,26,3,8,20,56
Benjamin Snell,PIT,16,10,61,6.1,3.8,14,0,3,14,88
Trent Taylor,SF,12,10,86,8.6,7.2,29,0,5,21,43
Matt Breida,MIA,12,9,96,10.67,8,31,0,5,10,90
Gus Edwards,BAL,16,9,129,14.33,8.1,34,0,4,13,93
Ryan Griffin,NYJ,15,9,86,9.56,5.7,23,0,4,12,49
Travis Homer,SEA,9,9,90,10,10,50,1,4,10,92
Devine Ozigbo,JAX,8,9,42,4.67,5.2,12,0,3,9,39
Malcolm Perry,MIA,9,9,92,10.22,10.2,25t,1,4,13,33
Kalif Raymond,TEN,15,9,187,20.78,12.5,61,0,7,15,38
Patrick Ricard,BAL,15,9,45,5,3,11,1,3,12,45
Jaylen Samuels,PIT,14,9,46,5.11,3.3,12,0,2,14,56
Rodney Smith,CAR,7,9,59,6.56,8.4,12,0,1,11,46
Geoff Swaim,TEN,10,9,83,9.22,8.3,16,1,6,12,35
Ameer Abdullah,MIN,16,8,58,7.25,3.6,22t,2,4,9,63
Stephen Anderson,LAC,16,8,106,13.25,6.6,23,0,7,11,80
Darrell Daniels,ARI,12,8,92,11.5,7.7,31,1,4,11,57
Troy Fumagalli,DEN,8,8,80,10,10,29,1,6,15,60
C.J. Ham,MIN,15,8,97,12.13,6.5,30,1,6,13,75
Josh Hill,NO,14,8,46,5.75,3.3,16,1,4,10,37
Taysom Hill,NO,16,8,98,12.25,6.1,21,1,4,12,35
Jakob Johnson,NE,16,8,35,4.38,2.2,12,1,3,9,20
Ryan Nall,CHI,16,8,67,8.38,4.2,18,1,5,9,47
Troymaine Pope,LAC,6,8,42,5.25,7,11,0,1,10,44
C.J. Uzomah,CIN,2,8,87,10.88,43.5,23t,1,6,11,30
Maxx Williams,ARI,9,8,102,12.75,11.3,42,1,4,10,66
Devonta Freeman,NYG,5,7,58,8.29,11.6,18,0,3,10,70
Demetrius Harris,CHI,15,7,45,6.43,3,9,0,2,14,25
JaMycal Hasty,SF,8,7,33,4.71,4.1,16,0,0,8,47
K.J. Hill,LAC,15,7,73,10.43,4.9,25,0,2,11,18
Phillip Lindsay,DEN,11,7,28,4,2.5,11,0,1,14,39
Austin Mack,NYG,11,7,91,13,8.3,50,0,5,11,37
Sony Michel,NE,9,7,114,16.29,12.7,31t,1,5,9,110
Jaydon Mickens,TB,10,7,58,8.29,5.8,11,0,6,10,31
Foster Moreau,LV,16,7,140,20,8.8,47t,2,5,9,51
Equanimeous St. Brown,GB,12,7,117,16.71,9.8,24,1,6,13,59
Luke Stocker,ATL,16,7,63,9,3.9,25,0,4,11,52
Darwin Thompson,KC,14,7,65,9.29,4.6,37,1,3,11,88
Quez Watkins,PHI,6,7,106,15.14,17.7,43,1,4,13,58
Justin Watson,TB,11,7,94,13.43,8.6,36,0,5,11,19
Deon Yelder,KC,14,7,36,5.14,2.6,12,0,2,11,30
Josh Adams,NYJ,8,6,29,4.83,3.6,11,0,2,8,24
Saquon Barkley,NYG,2,6,60,10,30,38,0,3,9,55
Dez Bryant,BAL,6,6,47,7.83,7.8,16,2,3,11,34
Parris Campbell,IND,2,6,71,11.83,35.5,21,0,4,9,18
Tyrie Cleveland,DEN,10,6,63,10.5,6.3,17,0,4,9,18
Tarik Cohen,CHI,3,6,41,6.83,13.7,20,0,1,9,61
River Cracraft,SF,9,6,41,6.83,4.6,12,0,2,9,11
Mark Ingram,BAL,11,6,50,8.33,4.5,18,0,2,8,49
Alshon Jeffery,PHI,7,6,115,19.17,16.4,39,1,5,13,25
Nick Keizer,KC,16,6,63,10.5,3.9,22,0,2,9,40
Chris Manhertz,CAR,16,6,52,8.67,3.2,17,0,1,8,33
Anthony McFarland,PIT,11,6,54,9,4.9,17,0,1,9,47
Laquon Treadwell,ATL,5,6,49,8.17,9.8,14,2,4,7,13
Javon Wims,CHI,13,6,48,8,3.7,13,1,4,12,4
Alex Armah,CAR,16,5,18,3.6,1.1,14,0,1,9,20
Tavon Austin,GB,4,5,20,4,5,7,0,1,5,42
Ja'Marcus Bradley,CLE,3,5,60,12,20,22,0,2,11,11
Cethan Carter,CIN,15,5,53,10.6,3.5,24,0,3,7,10
Corey Clement,PHI,15,5,25,5,1.7,12,0,2,6,32
Pharoh Cooper,CAR,16,5,73,14.6,4.6,32,0,3,8,35
Damien Harris,NE,10,5,52,10.4,5.2,15,0,4,7,55
Justice Hill,BAL,12,5,20,4,1.7,8,0,0,5,27
Steven Mitchell,HOU,6,5,60,12,10,20,0,3,8,10
Gabe Nabers,LAC,16,5,25,5,1.6,9,2,2,7,23
Gunner Olszewski,NE,13,5,62,12.4,4.8,38t,1,3,5,35
C.J. Prosise,HOU,10,5,18,3.6,1.8,10,1,1,5,26
MyCole Pruitt,TEN,11,5,49,9.8,4.5,22t,2,4,8,13
Theo Riddick,LV,4,5,43,8.6,10.8,15,0,1,6,33
Darrius Shepherd,GB,8,5,46,9.2,5.8,19,0,1,8,18
Trent Sherfield,ARI,15,5,50,10,3.3,26,0,2,7,27
Malik Taylor,GB,15,5,66,13.2,4.4,26,1,4,6,47
Levine Toilolo,NYG,16,5,46,9.2,2.9,14,0,3,6,26
Ke'Shawn Vaughn,TB,10,5,34,6.8,3.4,13,1,2,10,23
DeAndre Washington,KC/MIA,4,5,30,6,7.5,10,0,2,10,21
Trayveon Williams,CIN,10,5,30,6,3,13,0,1,5,41
J.J. Arcega-Whiteside,PHI,8,4,85,21.25,10.6,37,0,4,8,8
Peyton Barber,WAS,16,4,12,3,0.8,7,0,1,7,11
Khari Blasingame,TEN,15,4,39,9.75,2.6,16,0,2,5,34
Michael Burton,NO,15,4,28,7,1.9,12,0,1,4,22
Tevin Coleman,SF,8,4,34,8.5,4.2,18,0,2,5,21
Juwan Johnson,NO,7,4,39,9.75,5.6,19,0,3,10,20
Josh Malone,NYJ,4,4,16,4,4,13,0,1,6,8
John Mundt,LA,16,4,53,13.25,3.3,34,0,1,4,45
Dante Pettis,SF/NYG,7,4,76,19,10.9,33t,1,3,6,6
Damion Ratley,NYG,5,4,63,15.75,12.6,29,0,2,10,10
Riley Ridley,CHI,5,4,39,9.75,7.8,18,0,3,4,3
Andre Roberts,BUF,15,4,34,8.5,2.3,16,0,2,5,5
Seth Roberts,CAR,7,4,31,7.75,4.4,12,0,2,6,22
Lee Smith,BUF,10,4,35,8.75,3.5,27,2,3,6,20
Jonathan Williams,DET,5,4,21,5.25,4.2,10,0,2,4,23
Deontay Burnett,PHI,2,3,19,6.33,9.5,10,0,1,4,4
Trenton Cannon,CAR,14,3,16,5.33,1.1,19,0,1,3,13
Austin Carr,NO,6,3,27,9,4.5,11t,1,3,4,11
Ashton Dulin,IND,13,3,53,17.67,4.1,34,0,2,6,28
Ted Ginn Jr.,CHI,6,3,40,13.33,6.7,29,0,1,6,10
Terry Godwin,JAX,3,3,32,10.67,10.7,21,0,2,6,3
Jaeden Graham,ATL,16,3,25,8.33,1.6,11,0,1,5,14
Virgil Green,LAC,6,3,50,16.67,8.3,26t,1,2,6,23
Tanner Hudson,TB,11,3,41,13.67,3.7,20,0,3,7,12
Lil'Jordan Humphrey,NO,3,3,46,15.33,15.3,17t,1,3,5,10
D'Ernest Johnson,CLE,16,3,14,4.67,0.9,5,0,0,4,12
Dalton Keene,NE,6,3,16,5.33,2.7,8,0,0,5,1
Marlon Mack,IND,1,3,30,10,30,19,0,1,3,31
Ty Montgomery,NO,6,3,27,9,4.5,17,0,1,6,33
Alfred Morris,NYG,9,3,19,6.33,2.1,9,1,2,4,17
Eric Saubert,JAX,8,3,16,5.33,2,9,0,0,4,7
Diontae Spencer,DEN,11,3,26,8.67,2.4,10,0,1,6,12
Courtland Sutton,DEN,1,3,66,22,66,45,0,2,6,7
Kahale Warring,HOU,7,3,35,11.67,5,23,0,2,7,8
Nick Westbrook,TEN,14,3,33,11,2.4,19,0,3,8,5
Charlie Woerner,SF,14,3,36,12,2.6,18,0,2,4,25
Brandon Zylstra,CAR,16,3,35,11.67,2.2,28,0,3,4,15
Devin Asiasi,NE,9,2,39,19.5,4.3,26t,1,2,7,6
Reggie Bonnafon,CAR,2,2,18,9,9,15,1,2,2,20
Mike Boone,MIN,16,2,10,5,0.6,6,0,0,2,17
Daniel Brown,NYJ,16,2,31,15.5,1.9,18,0,2,2,21
Jake Butt,DEN,5,2,5,2.5,1,5,0,0,4,2
Jason Cabinda,DET,16,2,8,4,0.5,4,0,1,3,6
Lawrence Cager,NYJ,2,2,35,17.5,17.5,19,0,2,6,14
Antonio Callaway,MIA,5,2,20,10,4,13,0,1,4,3
Chandler Cox,MIA,8,2,9,4.5,1.1,6,0,1,2,7
Dominique Dafney,GB,5,2,26,13,5.2,13t,1,2,2,10
AJ Dillon,GB,11,2,21,10.5,1.9,16,0,1,2,16
Darrynton Evans,TEN,5,2,27,13.5,5.4,24,1,2,4,29
Robert Foster,WAS,4,2,37,18.5,9.2,28,0,2,6,32
Daurice Fountain,IND,5,2,23,11.5,4.6,12,0,2,3,0
Bennie Fowler,NO,5,2,11,5.5,2.2,7,0,1,6,1
Reggie Gilliam,BUF,14,2,16,8,1.1,15,1,2,2,8
Andy Janovich,CLE,14,2,13,6.5,0.9,13,0,1,5,12
Lamar Miller,CHI,1,2,6,3,6,7,0,1,2,4
Cam Newton,NE,15,2,35,17.5,2.3,19t,1,2,2,18
Colby Parkinson,SEA,6,2,16,8,2.7,10,0,2,2,5
Elijhaa Penny,NYG,14,2,20,10,1.4,11,0,1,3,16
John Ross,CIN,3,2,17,8.5,5.7,15,0,1,7,3
Isaiah Zuber,NE,4,2,29,14.5,7.2,16,0,1,2,30
Josh Allen,BUF,16,1,12,12,0.8,12t,1,1,1,17
Marcus Baugh,WAS,8,1,2,2,0.2,2,0,0,1,2
LeVante Bellamy,DEN,5,1,5,5,1,5,0,0,1,5
Nick Bellore,SEA,16,1,9,9,0.6,9,0,1,1,6
Hunter Bryant,DET,5,1,44,44,8.8,44,0,1,3,12
Stephen Carlson,CLE,16,1,11,11,0.7,11,0,1,2,11
Derek Carrier,LV,16,1,14,14,0.9,14,0,1,1,18
DeAndre Carter,HOU,9,1,8,8,0.9,8,0,0,2,4
Alex Collins,SEA,3,1,4,4,1.3,4,0,0,2,1
Jason Croom,PHI,4,1,3,3,0.8,3t,1,1,1,0
Andy Dalton,DAL,11,1,-3,-3,-0.3,-3,0,0,1,4
Josiah Deguara,GB,2,1,12,12,6,12,0,1,2,11
Gehrig Dieter,KC,4,1,10,10,2.5,10,0,1,2,5
Brandon Dillon,MIN,3,1,6,6,2,6,0,0,1,1
Ben Ellefson,JAX,7,1,10,10,1.4,10,0,1,4,3
Eric Fisher,KC,15,1,2,2,0.1,2t,1,1,1,1
Ryan Fitzpatrick,MIA,9,1,0,0,0,0,0,0,1,4
D'Onta Foreman,TEN,6,1,5,5,0.8,5t,1,1,1,3
D.J. Foster,ARI,10,1,7,7,0.7,7,0,1,1,3
Antonio Gandy-Golden,WAS,6,1,3,3,0.5,3,0,0,7,1
Cullen Gillaspia,HOU,7,1,6,6,0.9,6,0,0,1,8
Penny Hart,SEA,13,1,3,3,0.2,3,0,0,1,4
Temarrick Hemingway,WAS,8,1,10,10,1.2,10,0,1,2,6
Dontrell Hilliard,CLE,5,1,2,2,0.4,2,0,0,1,2
Cody Hollister,TEN,2,1,12,12,6,12,0,1,1,2
Jordan Howard,MIA,5,1,-3,-3,-0.6,-3,0,0,1,0
Greg Howell,HOU,14,1,3,3,0.2,3,0,0,2,7
Jason Huntley,PHI,5,1,0,0,0,0,0,0,2,1
Jalen Hurts,PHI,15,1,3,3,0.2,3,0,0,1,9
Trenton Irwin,CIN,1,1,5,5,5,5,0,0,2,1
Blake Jarwin,DAL,1,1,12,12,12,12,0,1,1,0
Marcus Kemp,KC,10,1,11,11,1.1,11,0,1,1,10
Adrian Killins,PHI,1,1,2,2,2,2,0,0,1,6
Keith Kirkwood,CAR,1,1,13,13,13,13,0,0,2,9
Jake Kumerow,BUF,6,1,22,22,3.7,22t,1,1,1,0
Kendall Lamm,CLE,15,1,1,1,0.1,1t,1,1,1,0
Tommylee Lewis,NO,5,1,5,5,1,5,0,0,3,0
Bobby Massie,CHI,8,1,4,4,0.5,4,0,1,1,-2
Baker Mayfield,CLE,16,1,6,6,0.4,6,0,1,1,1
Bruce Miller,JAX,8,1,2,2,0.2,2,0,1,2,3
Gardner Minshew,JAX,9,1,0,0,0,0,0,0,1,8
Donte Moncrief,NE,6,1,15,15,2.5,15,0,1,2,14
Isaac Nauta,DET,7,1,3,3,0.4,3,0,0,2,0
Siran Neal,BUF,16,1,13,13,0.8,13,0,1,1,3
Scottie Phillips,HOU,8,1,7,7,0.9,7,0,0,1,4
Dak Prescott,DAL,5,1,11,11,2.2,11t,1,1,1,1
James Proche,BAL,14,1,14,14,1,14,0,1,3,8
Craig Reynolds,JAX,2,1,3,3,1.5,3,0,0,1,2
Aaron Rodgers,GB,16,1,-6,-6,-0.4,-6,0,0,1,-2
Jaleel Scott,NYJ,1,1,16,16,16,16,0,1,1,3
Anthony Sherman,KC,13,1,5,5,0.4,5t,1,1,2,7
Vyncint Smith,NYJ,7,1,13,13,1.9,13,0,1,3,1
Jeremy Sprinkle,WAS,16,1,6,6,0.4,6,0,0,3,3
Ryan Tannehill,TEN,16,1,0,0,0,0,0,0,1,0
J.J. Taylor,NE,6,1,4,4,0.7,4,0,0,2,8
Jordan Thomas,ARI/NE,6,1,3,3,0.5,3t,1,1,2,0
Colin Thompson,CAR,15,1,7,7,0.5,7t,1,1,2,0
Ezekiel Turner,ARI,16,1,26,26,1.6,26,0,1,1,12
Austin Walter,SF,4,1,27,27,6.8,27,0,1,1,33
Jonathan Ward,ARI,14,1,11,11,0.8,11t,1,1,1,15
Trevon Wesco,NYJ,12,1,5,5,0.4,5,0,0,2,0
Dede Westbrook,JAX,2,1,4,4,2,4,0,0,1,0
Antonio Williams,BUF,1,1,20,20,20,20,0,1,1,16
Luke Willson,BAL,3,1,12,12,4,12,0,0,3,2
T.J. Yeldon,BUF,3,1,22,22,7.3,22t,1,1,4,0
Brandon Allen,CIN,5,0,0,0,0,0,0,0,1,0
Antony Auclair,TB,8,0,0,0,0,0,0,0,1,0
Jeff Badet,WAS,3,0,0,0,0,0,0,0,1,0
Kenjon Barner,TB,6,0,0,0,0,0,0,0,1,0
Aaron Brewer,TEN,12,0,0,0,0,0,0,0,1,0
Hakeem Butler,PHI,2,0,0,0,0,0,0,0,1,0
Jack Crawford,TEN,16,0,0,0,0,0,0,0,0,0
Tyler Davis,JAX,8,0,0,0,0,0,0,0,2,0
Seth Devalve,ARI,4,0,0,0,0,0,0,0,1,0
Rico Gafford,LV,3,0,0,0,0,0,0,0,2,0
Nick Gates,NYG,16,0,0,0,0,0,0,0,1,0
C.J. Goodwin,DAL,16,0,0,0,0,0,0,0,1,0
Cyril Grayson,TB,3,0,0,0,0,0,0,0,3,0
Jerald Hawkins,PIT,13,0,0,0,0,0,0,0,1,0
Charlie Heck,HOU,3,0,8,0,2.7,8,0,0,0,8
J.P. Holtz,CHI,16,0,0,0,0,0,0,0,1,0
Taiwan Jones,BUF,13,0,0,0,0,0,0,0,2,0
Patrick Mahomes,KC,15,0,0,0,0,0,0,0,2,0
Kevin Rader,PIT,1,0,0,0,0,0,0,0,1,0
Joe Reed,LAC,11,0,0,0,0,0,0,0,1,0
Max Scharping,HOU,15,0,7,0,0.5,7,0,0,0,7
Mason Schreck,CIN,14,0,0,0,0,0,0,0,1,0
Ricky Seals-Jones,KC,2,0,0,0,0,0,0,0,1,0
Tajae Sharpe,MIN,4,0,0,0,0,0,0,0,3,0
Matthew Stafford,DET,16,0,0,0,0,0,0,0,1,0
Taywan Taylor,CLE,3,0,0,0,0,0,0,0,1,0
Andrew Thomas,NYG,16,0,0,0,0,0,0,0,0,0
Noah Togiai,IND,4,0,0,0,0,0,0,0,1,0
Eric Tomlinson,BAL,6,0,0,0,0,0,0,0,1,0
Phillip Walker,CAR,4,0,0,0,0,0,0,0,1,0
Deshaun Watson,HOU,16,0,0,0,0,0,0,0,0,0
